,dataset,network,relaxation,time_mean,time_std,expl_size_mean,expl_size_std,fidelity
0,wine,Net_1x16_hidden,0.0,0.2988560376270266,0.08967229923062339,10.106741573033707,1.144041500858869,0.9887640449438202
1,wine,Net_1x16_hidden,0.25,0.2546457134454061,0.09445586773489083,11.084269662921349,1.331839892898398,0.9887640449438202
2,wine,Net_1x16_hidden,0.5,0.24636042135076994,0.0891327719377303,11.685393258426966,1.2595300141655081,0.9887640449438202
3,wine,Net_1x16_hidden,0.75,0.1948009606560671,0.07010761339158882,12.662921348314606,0.8472535964723081,0.9887640449438202
